<?xml version="1.0" encoding="UTF-8"?>
<project-private xmlns="http://www.netbeans.org/ns/project-private/1">
    <editor-bookmarks xmlns="http://www.netbeans.org/ns/editor-bookmarks/2" lastBookmarkId="0"/>
    <open-files xmlns="http://www.netbeans.org/ns/projectui-open-files/2">
        <group>
            <file>file:/C:/Users/bricks/Box%20Sync/ModelCameraScreen2.0/src/model_camera_screen/HeroCar.java</file>
            <file>file:/C:/Users/bricks/Box%20Sync/ModelCameraScreen2.0/src/model_camera_screen/MainPanel.java</file>
            <file>file:/C:/Users/bricks/Box%20Sync/ModelCameraScreen2.0/src/model_camera_screen/Controller.java</file>
            <file>file:/C:/Users/bricks/Box%20Sync/ModelCameraScreen2.0/src/model_camera_screen/Car.java</file>
        </group>
    </open-files>
</project-private>
